,year,region,deaths
1,1979,Scotland,389
2,1980,Scotland,369
3,1981,Scotland,348
4,1982,Scotland,355
5,1983,Scotland,351
6,1984,Scotland,369
7,1985,Scotland,395
8,1986,Scotland,384
9,1987,Scotland,384
10,1988,Scotland,427
11,1989,Scotland,449
12,1990,Scotland,436
13,1991,Scotland,431
14,1992,Scotland,410
15,1993,Scotland,451
16,1994,Scotland,550
17,1995,Scotland,627
18,1996,Scotland,775
19,1997,Scotland,861
20,1998,Scotland,915
21,1999,Scotland,1021
22,2000,Scotland,1144
23,2001,Scotland,1228
24,2002,Scotland,1334
25,2003,Scotland,1354
26,2004,Scotland,1331
27,2005,Scotland,1354
28,2006,Scotland,1417
29,2007,Scotland,1282
30,2008,Scotland,1316
31,2009,Scotland,1180
32,2010,Scotland,1183
33,2011,Scotland,1135
34,2012,Scotland,968
35,2013,Scotland,1002
36,2014,Scotland,1036
37,2015,Scotland,1045
38,2016,Scotland,1139
39,2017,Scotland,1120
40,2018,Scotland,1136
41,2019,Scotland,1020
42,2020,Scotland,1190
43,2021,Scotland,1245
44,2022,Scotland,1276
45,1979,Aberdeen City,18
46,1980,Aberdeen City,9
47,1981,Aberdeen City,14
48,1982,Aberdeen City,15
49,1983,Aberdeen City,8
50,1984,Aberdeen City,13
51,1985,Aberdeen City,16
52,1986,Aberdeen City,14
53,1987,Aberdeen City,8
54,1988,Aberdeen City,15
55,1989,Aberdeen City,7
56,1990,Aberdeen City,19
57,1991,Aberdeen City,17
58,1992,Aberdeen City,25
59,1993,Aberdeen City,23
60,1994,Aberdeen City,18
61,1995,Aberdeen City,23
62,1996,Aberdeen City,27
63,1997,Aberdeen City,21
64,1998,Aberdeen City,30
65,1999,Aberdeen City,30
66,2000,Aberdeen City,46
67,2001,Aberdeen City,47
68,2002,Aberdeen City,40
69,2003,Aberdeen City,28
70,2004,Aberdeen City,34
71,2005,Aberdeen City,41
72,2006,Aberdeen City,32
73,2007,Aberdeen City,45
74,2008,Aberdeen City,31
75,2009,Aberdeen City,46
76,2010,Aberdeen City,39
77,2011,Aberdeen City,29
78,2012,Aberdeen City,33
79,2013,Aberdeen City,33
80,2014,Aberdeen City,43
81,2015,Aberdeen City,35
82,2016,Aberdeen City,43
83,2017,Aberdeen City,33
84,2018,Aberdeen City,51
85,2019,Aberdeen City,30
86,2020,Aberdeen City,36
87,2021,Aberdeen City,43
88,2022,Aberdeen City,49
89,1979,Aberdeenshire,2
90,1980,Aberdeenshire,2
91,1981,Aberdeenshire,7
92,1982,Aberdeenshire,7
93,1983,Aberdeenshire,7
94,1984,Aberdeenshire,5
95,1985,Aberdeenshire,7
96,1986,Aberdeenshire,10
97,1987,Aberdeenshire,5
98,1988,Aberdeenshire,6
99,1989,Aberdeenshire,7
100,1990,Aberdeenshire,11
101,1991,Aberdeenshire,10
102,1992,Aberdeenshire,8
103,1993,Aberdeenshire,7
104,1994,Aberdeenshire,11
105,1995,Aberdeenshire,10
106,1996,Aberdeenshire,15
107,1997,Aberdeenshire,11
108,1998,Aberdeenshire,15
109,1999,Aberdeenshire,24
110,2000,Aberdeenshire,19
111,2001,Aberdeenshire,23
112,2002,Aberdeenshire,20
113,2003,Aberdeenshire,27
114,2004,Aberdeenshire,23
115,2005,Aberdeenshire,24
116,2006,Aberdeenshire,19
117,2007,Aberdeenshire,24
118,2008,Aberdeenshire,29
119,2009,Aberdeenshire,26
120,2010,Aberdeenshire,15
121,2011,Aberdeenshire,16
122,2012,Aberdeenshire,17
123,2013,Aberdeenshire,20
124,2014,Aberdeenshire,21
125,2015,Aberdeenshire,26
126,2016,Aberdeenshire,23
127,2017,Aberdeenshire,26
128,2018,Aberdeenshire,33
129,2019,Aberdeenshire,29
130,2020,Aberdeenshire,32
131,2021,Aberdeenshire,30
132,2022,Aberdeenshire,35
133,1979,Angus,8
134,1980,Angus,5
135,1981,Angus,4
136,1982,Angus,2
137,1983,Angus,9
138,1984,Angus,4
139,1985,Angus,6
140,1986,Angus,3
141,1987,Angus,10
142,1988,Angus,5
143,1989,Angus,9
144,1990,Angus,7
145,1991,Angus,9
146,1992,Angus,13
147,1993,Angus,10
148,1994,Angus,9
149,1995,Angus,9
150,1996,Angus,14
151,1997,Angus,11
152,1998,Angus,10
153,1999,Angus,14
154,2000,Angus,16
155,2001,Angus,17
156,2002,Angus,23
157,2003,Angus,24
158,2004,Angus,27
159,2005,Angus,25
160,2006,Angus,18
161,2007,Angus,13
162,2008,Angus,19
163,2009,Angus,21
164,2010,Angus,15
165,2011,Angus,19
166,2012,Angus,15
167,2013,Angus,18
168,2014,Angus,18
169,2015,Angus,19
170,2016,Angus,22
171,2017,Angus,18
172,2018,Angus,22
173,2019,Angus,21
174,2020,Angus,19
175,2021,Angus,30
176,2022,Angus,27
177,1979,Argyll and Bute,5
178,1980,Argyll and Bute,7
179,1981,Argyll and Bute,6
180,1982,Argyll and Bute,3
181,1983,Argyll and Bute,6
182,1984,Argyll and Bute,7
183,1985,Argyll and Bute,3
184,1986,Argyll and Bute,6
185,1987,Argyll and Bute,6
186,1988,Argyll and Bute,4
187,1989,Argyll and Bute,5
188,1990,Argyll and Bute,5
189,1991,Argyll and Bute,10
190,1992,Argyll and Bute,6
191,1993,Argyll and Bute,6
192,1994,Argyll and Bute,5
193,1995,Argyll and Bute,8
194,1996,Argyll and Bute,6
195,1997,Argyll and Bute,10
196,1998,Argyll and Bute,11
197,1999,Argyll and Bute,16
198,2000,Argyll and Bute,9
199,2001,Argyll and Bute,20
200,2002,Argyll and Bute,21
201,2003,Argyll and Bute,22
202,2004,Argyll and Bute,17
203,2005,Argyll and Bute,20
204,2006,Argyll and Bute,25
205,2007,Argyll and Bute,30
206,2008,Argyll and Bute,20
207,2009,Argyll and Bute,19
208,2010,Argyll and Bute,30
209,2011,Argyll and Bute,15
210,2012,Argyll and Bute,14
211,2013,Argyll and Bute,14
212,2014,Argyll and Bute,19
213,2015,Argyll and Bute,22
214,2016,Argyll and Bute,15
215,2017,Argyll and Bute,28
216,2018,Argyll and Bute,24
217,2019,Argyll and Bute,14
218,2020,Argyll and Bute,28
219,2021,Argyll and Bute,20
220,2022,Argyll and Bute,24
221,1979,City of Edinburgh,42
222,1980,City of Edinburgh,33
223,1981,City of Edinburgh,50
224,1982,City of Edinburgh,41
225,1983,City of Edinburgh,41
226,1984,City of Edinburgh,45
227,1985,City of Edinburgh,39
228,1986,City of Edinburgh,45
229,1987,City of Edinburgh,36
230,1988,City of Edinburgh,52
231,1989,City of Edinburgh,61
232,1990,City of Edinburgh,45
233,1991,City of Edinburgh,54
234,1992,City of Edinburgh,39
235,1993,City of Edinburgh,45
236,1994,City of Edinburgh,50
237,1995,City of Edinburgh,55
238,1996,City of Edinburgh,70
239,1997,City of Edinburgh,67
240,1998,City of Edinburgh,62
241,1999,City of Edinburgh,83
242,2000,City of Edinburgh,107
243,2001,City of Edinburgh,122
244,2002,City of Edinburgh,105
245,2003,City of Edinburgh,98
246,2004,City of Edinburgh,110
247,2005,City of Edinburgh,125
248,2006,City of Edinburgh,98
249,2007,City of Edinburgh,92
250,2008,City of Edinburgh,94
251,2009,City of Edinburgh,90
252,2010,City of Edinburgh,95
253,2011,City of Edinburgh,74
254,2012,City of Edinburgh,61
255,2013,City of Edinburgh,77
256,2014,City of Edinburgh,79
257,2015,City of Edinburgh,73
258,2016,City of Edinburgh,84
259,2017,City of Edinburgh,96
260,2018,City of Edinburgh,91
261,2019,City of Edinburgh,71
262,2020,City of Edinburgh,102
263,2021,City of Edinburgh,102
264,2022,City of Edinburgh,93
265,1979,Clackmannanshire,0
266,1980,Clackmannanshire,4
267,1981,Clackmannanshire,0
268,1982,Clackmannanshire,1
269,1983,Clackmannanshire,4
270,1984,Clackmannanshire,1
271,1985,Clackmannanshire,0
272,1986,Clackmannanshire,2
273,1987,Clackmannanshire,2
274,1988,Clackmannanshire,5
275,1989,Clackmannanshire,2
276,1990,Clackmannanshire,5
277,1991,Clackmannanshire,2
278,1992,Clackmannanshire,7
279,1993,Clackmannanshire,5
280,1994,Clackmannanshire,2
281,1995,Clackmannanshire,6
282,1996,Clackmannanshire,6
283,1997,Clackmannanshire,4
284,1998,Clackmannanshire,8
285,1999,Clackmannanshire,12
286,2000,Clackmannanshire,9
287,2001,Clackmannanshire,8
288,2002,Clackmannanshire,10
289,2003,Clackmannanshire,7
290,2004,Clackmannanshire,13
291,2005,Clackmannanshire,7
292,2006,Clackmannanshire,15
293,2007,Clackmannanshire,11
294,2008,Clackmannanshire,16
295,2009,Clackmannanshire,10
296,2010,Clackmannanshire,5
297,2011,Clackmannanshire,12
298,2012,Clackmannanshire,6
299,2013,Clackmannanshire,16
300,2014,Clackmannanshire,6
301,2015,Clackmannanshire,13
302,2016,Clackmannanshire,11
303,2017,Clackmannanshire,6
304,2018,Clackmannanshire,8
305,2019,Clackmannanshire,15
306,2020,Clackmannanshire,12
307,2021,Clackmannanshire,9
308,2022,Clackmannanshire,13
309,1979,Dumfries and Galloway,4
310,1980,Dumfries and Galloway,6
311,1981,Dumfries and Galloway,4
312,1982,Dumfries and Galloway,4
313,1983,Dumfries and Galloway,4
314,1984,Dumfries and Galloway,10
315,1985,Dumfries and Galloway,7
316,1986,Dumfries and Galloway,4
317,1987,Dumfries and Galloway,7
318,1988,Dumfries and Galloway,7
319,1989,Dumfries and Galloway,9
320,1990,Dumfries and Galloway,4
321,1991,Dumfries and Galloway,9
322,1992,Dumfries and Galloway,6
323,1993,Dumfries and Galloway,8
324,1994,Dumfries and Galloway,9
325,1995,Dumfries and Galloway,11
326,1996,Dumfries and Galloway,10
327,1997,Dumfries and Galloway,14
328,1998,Dumfries and Galloway,19
329,1999,Dumfries and Galloway,10
330,2000,Dumfries and Galloway,17
331,2001,Dumfries and Galloway,21
332,2002,Dumfries and Galloway,23
333,2003,Dumfries and Galloway,25
334,2004,Dumfries and Galloway,23
335,2005,Dumfries and Galloway,26
336,2006,Dumfries and Galloway,31
337,2007,Dumfries and Galloway,22
338,2008,Dumfries and Galloway,23
339,2009,Dumfries and Galloway,29
340,2010,Dumfries and Galloway,31
341,2011,Dumfries and Galloway,18
342,2012,Dumfries and Galloway,11
343,2013,Dumfries and Galloway,19
344,2014,Dumfries and Galloway,12
345,2015,Dumfries and Galloway,27
346,2016,Dumfries and Galloway,25
347,2017,Dumfries and Galloway,15
348,2018,Dumfries and Galloway,25
349,2019,Dumfries and Galloway,23
350,2020,Dumfries and Galloway,24
351,2021,Dumfries and Galloway,25
352,2022,Dumfries and Galloway,36
353,1979,Dundee City,11
354,1980,Dundee City,9
355,1981,Dundee City,9
356,1982,Dundee City,9
357,1983,Dundee City,13
358,1984,Dundee City,10
359,1985,Dundee City,16
360,1986,Dundee City,10
361,1987,Dundee City,14
362,1988,Dundee City,11
363,1989,Dundee City,11
364,1990,Dundee City,17
365,1991,Dundee City,17
366,1992,Dundee City,17
367,1993,Dundee City,19
368,1994,Dundee City,18
369,1995,Dundee City,22
370,1996,Dundee City,26
371,1997,Dundee City,24
372,1998,Dundee City,25
373,1999,Dundee City,37
374,2000,Dundee City,32
375,2001,Dundee City,45
376,2002,Dundee City,45
377,2003,Dundee City,61
378,2004,Dundee City,62
379,2005,Dundee City,51
380,2006,Dundee City,45
381,2007,Dundee City,44
382,2008,Dundee City,64
383,2009,Dundee City,49
384,2010,Dundee City,44
385,2011,Dundee City,45
386,2012,Dundee City,33
387,2013,Dundee City,29
388,2014,Dundee City,37
389,2015,Dundee City,49
390,2016,Dundee City,35
391,2017,Dundee City,32
392,2018,Dundee City,36
393,2019,Dundee City,30
394,2020,Dundee City,43
395,2021,Dundee City,46
396,2022,Dundee City,37
397,1979,East Ayrshire,4
398,1980,East Ayrshire,5
399,1981,East Ayrshire,10
400,1982,East Ayrshire,6
401,1983,East Ayrshire,7
402,1984,East Ayrshire,7
403,1985,East Ayrshire,3
404,1986,East Ayrshire,3
405,1987,East Ayrshire,7
406,1988,East Ayrshire,4
407,1989,East Ayrshire,4
408,1990,East Ayrshire,11
409,1991,East Ayrshire,5
410,1992,East Ayrshire,7
411,1993,East Ayrshire,3
412,1994,East Ayrshire,15
413,1995,East Ayrshire,12
414,1996,East Ayrshire,16
415,1997,East Ayrshire,16
416,1998,East Ayrshire,11
417,1999,East Ayrshire,22
418,2000,East Ayrshire,34
419,2001,East Ayrshire,25
420,2002,East Ayrshire,24
421,2003,East Ayrshire,26
422,2004,East Ayrshire,18
423,2005,East Ayrshire,25
424,2006,East Ayrshire,33
425,2007,East Ayrshire,38
426,2008,East Ayrshire,27
427,2009,East Ayrshire,29
428,2010,East Ayrshire,29
429,2011,East Ayrshire,23
430,2012,East Ayrshire,21
431,2013,East Ayrshire,34
432,2014,East Ayrshire,25
433,2015,East Ayrshire,13
434,2016,East Ayrshire,27
435,2017,East Ayrshire,18
436,2018,East Ayrshire,24
437,2019,East Ayrshire,31
438,2020,East Ayrshire,23
439,2021,East Ayrshire,30
440,2022,East Ayrshire,28
441,1979,East Dunbartonshire,2
442,1980,East Dunbartonshire,6
443,1981,East Dunbartonshire,8
444,1982,East Dunbartonshire,7
445,1983,East Dunbartonshire,2
446,1984,East Dunbartonshire,4
447,1985,East Dunbartonshire,4
448,1986,East Dunbartonshire,5
449,1987,East Dunbartonshire,3
450,1988,East Dunbartonshire,7
451,1989,East Dunbartonshire,8
452,1990,East Dunbartonshire,6
453,1991,East Dunbartonshire,4
454,1992,East Dunbartonshire,6
455,1993,East Dunbartonshire,7
456,1994,East Dunbartonshire,7
457,1995,East Dunbartonshire,13
458,1996,East Dunbartonshire,19
459,1997,East Dunbartonshire,10
460,1998,East Dunbartonshire,16
461,1999,East Dunbartonshire,9
462,2000,East Dunbartonshire,11
463,2001,East Dunbartonshire,18
464,2002,East Dunbartonshire,18
465,2003,East Dunbartonshire,17
466,2004,East Dunbartonshire,18
467,2005,East Dunbartonshire,20
468,2006,East Dunbartonshire,22
469,2007,East Dunbartonshire,19
470,2008,East Dunbartonshire,20
471,2009,East Dunbartonshire,20
472,2010,East Dunbartonshire,14
473,2011,East Dunbartonshire,26
474,2012,East Dunbartonshire,10
475,2013,East Dunbartonshire,11
476,2014,East Dunbartonshire,10
477,2015,East Dunbartonshire,14
478,2016,East Dunbartonshire,12
479,2017,East Dunbartonshire,21
480,2018,East Dunbartonshire,12
481,2019,East Dunbartonshire,16
482,2020,East Dunbartonshire,11
483,2021,East Dunbartonshire,15
484,2022,East Dunbartonshire,24
485,1979,East Lothian,2
486,1980,East Lothian,3
487,1981,East Lothian,4
488,1982,East Lothian,2
489,1983,East Lothian,5
490,1984,East Lothian,3
491,1985,East Lothian,5
492,1986,East Lothian,2
493,1987,East Lothian,4
494,1988,East Lothian,2
495,1989,East Lothian,8
496,1990,East Lothian,0
497,1991,East Lothian,9
498,1992,East Lothian,4
499,1993,East Lothian,3
500,1994,East Lothian,8
501,1995,East Lothian,5
502,1996,East Lothian,6
503,1997,East Lothian,6
504,1998,East Lothian,10
505,1999,East Lothian,11
506,2000,East Lothian,13
507,2001,East Lothian,12
508,2002,East Lothian,19
509,2003,East Lothian,23
510,2004,East Lothian,13
511,2005,East Lothian,18
512,2006,East Lothian,14
513,2007,East Lothian,14
514,2008,East Lothian,18
515,2009,East Lothian,17
516,2010,East Lothian,10
517,2011,East Lothian,11
518,2012,East Lothian,10
519,2013,East Lothian,13
520,2014,East Lothian,21
521,2015,East Lothian,13
522,2016,East Lothian,13
523,2017,East Lothian,16
524,2018,East Lothian,16
525,2019,East Lothian,17
526,2020,East Lothian,19
527,2021,East Lothian,12
528,2022,East Lothian,19
529,1979,East Renfrewshire,3
530,1980,East Renfrewshire,2
531,1981,East Renfrewshire,2
532,1982,East Renfrewshire,5
533,1983,East Renfrewshire,4
534,1984,East Renfrewshire,6
535,1985,East Renfrewshire,5
536,1986,East Renfrewshire,7
537,1987,East Renfrewshire,4
538,1988,East Renfrewshire,1
539,1989,East Renfrewshire,4
540,1990,East Renfrewshire,6
541,1991,East Renfrewshire,3
542,1992,East Renfrewshire,4
543,1993,East Renfrewshire,5
544,1994,East Renfrewshire,5
545,1995,East Renfrewshire,6
546,1996,East Renfrewshire,9
547,1997,East Renfrewshire,11
548,1998,East Renfrewshire,13
549,1999,East Renfrewshire,6
550,2000,East Renfrewshire,19
551,2001,East Renfrewshire,15
552,2002,East Renfrewshire,16
553,2003,East Renfrewshire,21
554,2004,East Renfrewshire,15
555,2005,East Renfrewshire,19
556,2006,East Renfrewshire,21
557,2007,East Renfrewshire,15
558,2008,East Renfrewshire,13
559,2009,East Renfrewshire,12
560,2010,East Renfrewshire,8
561,2011,East Renfrewshire,8
562,2012,East Renfrewshire,12
563,2013,East Renfrewshire,14
564,2014,East Renfrewshire,14
565,2015,East Renfrewshire,7
566,2016,East Renfrewshire,14
567,2017,East Renfrewshire,9
568,2018,East Renfrewshire,10
569,2019,East Renfrewshire,13
570,2020,East Renfrewshire,13
571,2021,East Renfrewshire,16
572,2022,East Renfrewshire,9
573,1979,Falkirk,5
574,1980,Falkirk,4
575,1981,Falkirk,6
576,1982,Falkirk,8
577,1983,Falkirk,4
578,1984,Falkirk,5
579,1985,Falkirk,5
580,1986,Falkirk,7
581,1987,Falkirk,5
582,1988,Falkirk,5
583,1989,Falkirk,6
584,1990,Falkirk,9
585,1991,Falkirk,7
586,1992,Falkirk,11
587,1993,Falkirk,15
588,1994,Falkirk,11
589,1995,Falkirk,5
590,1996,Falkirk,8
591,1997,Falkirk,13
592,1998,Falkirk,12
593,1999,Falkirk,17
594,2000,Falkirk,28
595,2001,Falkirk,27
596,2002,Falkirk,27
597,2003,Falkirk,27
598,2004,Falkirk,27
599,2005,Falkirk,25
600,2006,Falkirk,22
601,2007,Falkirk,29
602,2008,Falkirk,27
603,2009,Falkirk,33
604,2010,Falkirk,33
605,2011,Falkirk,32
606,2012,Falkirk,16
607,2013,Falkirk,27
608,2014,Falkirk,27
609,2015,Falkirk,25
610,2016,Falkirk,31
611,2017,Falkirk,21
612,2018,Falkirk,36
613,2019,Falkirk,22
614,2020,Falkirk,37
615,2021,Falkirk,35
616,2022,Falkirk,35
617,1979,Fife,14
618,1980,Fife,11
619,1981,Fife,20
620,1982,Fife,9
621,1983,Fife,12
622,1984,Fife,16
623,1985,Fife,16
624,1986,Fife,8
625,1987,Fife,14
626,1988,Fife,12
627,1989,Fife,16
628,1990,Fife,21
629,1991,Fife,20
630,1992,Fife,17
631,1993,Fife,28
632,1994,Fife,22
633,1995,Fife,32
634,1996,Fife,34
635,1997,Fife,22
636,1998,Fife,36
637,1999,Fife,47
638,2000,Fife,66
639,2001,Fife,50
640,2002,Fife,69
641,2003,Fife,53
642,2004,Fife,56
643,2005,Fife,65
644,2006,Fife,69
645,2007,Fife,74
646,2008,Fife,69
647,2009,Fife,75
648,2010,Fife,68
649,2011,Fife,83
650,2012,Fife,51
651,2013,Fife,57
652,2014,Fife,48
653,2015,Fife,59
654,2016,Fife,67
655,2017,Fife,91
656,2018,Fife,59
657,2019,Fife,70
658,2020,Fife,69
659,2021,Fife,73
660,2022,Fife,80
661,1979,Glasgow City,139
662,1980,Glasgow City,137
663,1981,Glasgow City,97
664,1982,Glasgow City,112
665,1983,Glasgow City,95
666,1984,Glasgow City,109
667,1985,Glasgow City,104
668,1986,Glasgow City,132
669,1987,Glasgow City,114
670,1988,Glasgow City,102
671,1989,Glasgow City,138
672,1990,Glasgow City,111
673,1991,Glasgow City,66
674,1992,Glasgow City,68
675,1993,Glasgow City,84
676,1994,Glasgow City,116
677,1995,Glasgow City,159
678,1996,Glasgow City,189
679,1997,Glasgow City,203
680,1998,Glasgow City,225
681,1999,Glasgow City,257
682,2000,Glasgow City,256
683,2001,Glasgow City,290
684,2002,Glasgow City,304
685,2003,Glasgow City,309
686,2004,Glasgow City,286
687,2005,Glasgow City,270
688,2006,Glasgow City,334
689,2007,Glasgow City,268
690,2008,Glasgow City,259
691,2009,Glasgow City,189
692,2010,Glasgow City,203
693,2011,Glasgow City,224
694,2012,Glasgow City,184
695,2013,Glasgow City,179
696,2014,Glasgow City,168
697,2015,Glasgow City,166
698,2016,Glasgow City,187
699,2017,Glasgow City,186
700,2018,Glasgow City,146
701,2019,Glasgow City,143
702,2020,Glasgow City,163
703,2021,Glasgow City,188
704,2022,Glasgow City,202
705,1979,Highland,8
706,1980,Highland,16
707,1981,Highland,13
708,1982,Highland,21
709,1983,Highland,22
710,1984,Highland,18
711,1985,Highland,18
712,1986,Highland,16
713,1987,Highland,17
714,1988,Highland,25
715,1989,Highland,17
716,1990,Highland,8
717,1991,Highland,26
718,1992,Highland,18
719,1993,Highland,21
720,1994,Highland,32
721,1995,Highland,37
722,1996,Highland,30
723,1997,Highland,39
724,1998,Highland,32
725,1999,Highland,39
726,2000,Highland,58
727,2001,Highland,43
728,2002,Highland,57
729,2003,Highland,48
730,2004,Highland,58
731,2005,Highland,56
732,2006,Highland,73
733,2007,Highland,64
734,2008,Highland,60
735,2009,Highland,62
736,2010,Highland,66
737,2011,Highland,50
738,2012,Highland,47
739,2013,Highland,55
740,2014,Highland,37
741,2015,Highland,49
742,2016,Highland,64
743,2017,Highland,58
744,2018,Highland,54
745,2019,Highland,51
746,2020,Highland,60
747,2021,Highland,61
748,2022,Highland,66
749,1979,Inverclyde,12
750,1980,Inverclyde,9
751,1981,Inverclyde,11
752,1982,Inverclyde,11
753,1983,Inverclyde,9
754,1984,Inverclyde,11
755,1985,Inverclyde,11
756,1986,Inverclyde,5
757,1987,Inverclyde,8
758,1988,Inverclyde,9
759,1989,Inverclyde,6
760,1990,Inverclyde,21
761,1991,Inverclyde,12
762,1992,Inverclyde,9
763,1993,Inverclyde,7
764,1994,Inverclyde,20
765,1995,Inverclyde,21
766,1996,Inverclyde,30
767,1997,Inverclyde,26
768,1998,Inverclyde,35
769,1999,Inverclyde,37
770,2000,Inverclyde,29
771,2001,Inverclyde,52
772,2002,Inverclyde,48
773,2003,Inverclyde,39
774,2004,Inverclyde,32
775,2005,Inverclyde,28
776,2006,Inverclyde,41
777,2007,Inverclyde,38
778,2008,Inverclyde,41
779,2009,Inverclyde,30
780,2010,Inverclyde,33
781,2011,Inverclyde,30
782,2012,Inverclyde,22
783,2013,Inverclyde,18
784,2014,Inverclyde,27
785,2015,Inverclyde,30
786,2016,Inverclyde,27
787,2017,Inverclyde,24
788,2018,Inverclyde,22
789,2019,Inverclyde,31
790,2020,Inverclyde,32
791,2021,Inverclyde,26
792,2022,Inverclyde,28
793,1979,Midlothian,2
794,1980,Midlothian,1
795,1981,Midlothian,4
796,1982,Midlothian,5
797,1983,Midlothian,6
798,1984,Midlothian,6
799,1985,Midlothian,5
800,1986,Midlothian,5
801,1987,Midlothian,2
802,1988,Midlothian,6
803,1989,Midlothian,7
804,1990,Midlothian,2
805,1991,Midlothian,4
806,1992,Midlothian,7
807,1993,Midlothian,5
808,1994,Midlothian,2
809,1995,Midlothian,9
810,1996,Midlothian,9
811,1997,Midlothian,11
812,1998,Midlothian,12
813,1999,Midlothian,13
814,2000,Midlothian,14
815,2001,Midlothian,11
816,2002,Midlothian,18
817,2003,Midlothian,15
818,2004,Midlothian,20
819,2005,Midlothian,19
820,2006,Midlothian,12
821,2007,Midlothian,11
822,2008,Midlothian,13
823,2009,Midlothian,6
824,2010,Midlothian,11
825,2011,Midlothian,13
826,2012,Midlothian,14
827,2013,Midlothian,11
828,2014,Midlothian,8
829,2015,Midlothian,14
830,2016,Midlothian,16
831,2017,Midlothian,15
832,2018,Midlothian,23
833,2019,Midlothian,16
834,2020,Midlothian,18
835,2021,Midlothian,18
836,2022,Midlothian,17
837,1979,Moray,7
838,1980,Moray,4
839,1981,Moray,2
840,1982,Moray,1
841,1983,Moray,6
842,1984,Moray,7
843,1985,Moray,10
844,1986,Moray,7
845,1987,Moray,5
846,1988,Moray,5
847,1989,Moray,7
848,1990,Moray,9
849,1991,Moray,8
850,1992,Moray,4
851,1993,Moray,5
852,1994,Moray,8
853,1995,Moray,11
854,1996,Moray,14
855,1997,Moray,17
856,1998,Moray,11
857,1999,Moray,14
858,2000,Moray,16
859,2001,Moray,18
860,2002,Moray,13
861,2003,Moray,22
862,2004,Moray,22
863,2005,Moray,14
864,2006,Moray,20
865,2007,Moray,17
866,2008,Moray,22
867,2009,Moray,22
868,2010,Moray,15
869,2011,Moray,14
870,2012,Moray,19
871,2013,Moray,19
872,2014,Moray,11
873,2015,Moray,14
874,2016,Moray,20
875,2017,Moray,18
876,2018,Moray,16
877,2019,Moray,15
878,2020,Moray,11
879,2021,Moray,10
880,2022,Moray,13
881,1979,Na h-Eileanan Siar,2
882,1980,Na h-Eileanan Siar,2
883,1981,Na h-Eileanan Siar,2
884,1982,Na h-Eileanan Siar,3
885,1983,Na h-Eileanan Siar,0
886,1984,Na h-Eileanan Siar,3
887,1985,Na h-Eileanan Siar,5
888,1986,Na h-Eileanan Siar,2
889,1987,Na h-Eileanan Siar,2
890,1988,Na h-Eileanan Siar,2
891,1989,Na h-Eileanan Siar,5
892,1990,Na h-Eileanan Siar,1
893,1991,Na h-Eileanan Siar,0
894,1992,Na h-Eileanan Siar,2
895,1993,Na h-Eileanan Siar,3
896,1994,Na h-Eileanan Siar,3
897,1995,Na h-Eileanan Siar,8
898,1996,Na h-Eileanan Siar,6
899,1997,Na h-Eileanan Siar,3
900,1998,Na h-Eileanan Siar,5
901,1999,Na h-Eileanan Siar,8
902,2000,Na h-Eileanan Siar,3
903,2001,Na h-Eileanan Siar,3
904,2002,Na h-Eileanan Siar,9
905,2003,Na h-Eileanan Siar,13
906,2004,Na h-Eileanan Siar,10
907,2005,Na h-Eileanan Siar,12
908,2006,Na h-Eileanan Siar,10
909,2007,Na h-Eileanan Siar,4
910,2008,Na h-Eileanan Siar,8
911,2009,Na h-Eileanan Siar,9
912,2010,Na h-Eileanan Siar,6
913,2011,Na h-Eileanan Siar,7
914,2012,Na h-Eileanan Siar,8
915,2013,Na h-Eileanan Siar,8
916,2014,Na h-Eileanan Siar,17
917,2015,Na h-Eileanan Siar,11
918,2016,Na h-Eileanan Siar,8
919,2017,Na h-Eileanan Siar,8
920,2018,Na h-Eileanan Siar,13
921,2019,Na h-Eileanan Siar,5
922,2020,Na h-Eileanan Siar,6
923,2021,Na h-Eileanan Siar,9
924,2022,Na h-Eileanan Siar,16
925,1979,North Ayrshire,9
926,1980,North Ayrshire,5
927,1981,North Ayrshire,2
928,1982,North Ayrshire,5
929,1983,North Ayrshire,7
930,1984,North Ayrshire,5
931,1985,North Ayrshire,9
932,1986,North Ayrshire,12
933,1987,North Ayrshire,7
934,1988,North Ayrshire,16
935,1989,North Ayrshire,13
936,1990,North Ayrshire,11
937,1991,North Ayrshire,7
938,1992,North Ayrshire,8
939,1993,North Ayrshire,16
940,1994,North Ayrshire,9
941,1995,North Ayrshire,8
942,1996,North Ayrshire,26
943,1997,North Ayrshire,43
944,1998,North Ayrshire,19
945,1999,North Ayrshire,23
946,2000,North Ayrshire,26
947,2001,North Ayrshire,29
948,2002,North Ayrshire,38
949,2003,North Ayrshire,35
950,2004,North Ayrshire,40
951,2005,North Ayrshire,33
952,2006,North Ayrshire,42
953,2007,North Ayrshire,24
954,2008,North Ayrshire,37
955,2009,North Ayrshire,44
956,2010,North Ayrshire,31
957,2011,North Ayrshire,27
958,2012,North Ayrshire,22
959,2013,North Ayrshire,21
960,2014,North Ayrshire,29
961,2015,North Ayrshire,30
962,2016,North Ayrshire,30
963,2017,North Ayrshire,35
964,2018,North Ayrshire,32
965,2019,North Ayrshire,50
966,2020,North Ayrshire,44
967,2021,North Ayrshire,37
968,2022,North Ayrshire,29
969,1979,North Lanarkshire,23
970,1980,North Lanarkshire,16
971,1981,North Lanarkshire,13
972,1982,North Lanarkshire,15
973,1983,North Lanarkshire,23
974,1984,North Lanarkshire,19
975,1985,North Lanarkshire,18
976,1986,North Lanarkshire,25
977,1987,North Lanarkshire,17
978,1988,North Lanarkshire,37
979,1989,North Lanarkshire,15
980,1990,North Lanarkshire,17
981,1991,North Lanarkshire,23
982,1992,North Lanarkshire,33
983,1993,North Lanarkshire,27
984,1994,North Lanarkshire,38
985,1995,North Lanarkshire,30
986,1996,North Lanarkshire,35
987,1997,North Lanarkshire,52
988,1998,North Lanarkshire,67
989,1999,North Lanarkshire,77
990,2000,North Lanarkshire,77
991,2001,North Lanarkshire,77
992,2002,North Lanarkshire,95
993,2003,North Lanarkshire,102
994,2004,North Lanarkshire,86
995,2005,North Lanarkshire,102
996,2006,North Lanarkshire,121
997,2007,North Lanarkshire,115
998,2008,North Lanarkshire,105
999,2009,North Lanarkshire,102
1000,2010,North Lanarkshire,100
1001,2011,North Lanarkshire,97
1002,2012,North Lanarkshire,92
1003,2013,North Lanarkshire,89
1004,2014,North Lanarkshire,93
1005,2015,North Lanarkshire,98
1006,2016,North Lanarkshire,112
1007,2017,North Lanarkshire,107
1008,2018,North Lanarkshire,97
1009,2019,North Lanarkshire,91
1010,2020,North Lanarkshire,101
1011,2021,North Lanarkshire,102
1012,2022,North Lanarkshire,107
1013,1979,Orkney Islands,3
1014,1980,Orkney Islands,2
1015,1981,Orkney Islands,1
1016,1982,Orkney Islands,1
1017,1983,Orkney Islands,3
1018,1984,Orkney Islands,1
1019,1985,Orkney Islands,1
1020,1986,Orkney Islands,1
1021,1987,Orkney Islands,2
1022,1988,Orkney Islands,1
1023,1989,Orkney Islands,2
1024,1990,Orkney Islands,1
1025,1991,Orkney Islands,0
1026,1992,Orkney Islands,2
1027,1993,Orkney Islands,2
1028,1994,Orkney Islands,2
1029,1995,Orkney Islands,3
1030,1996,Orkney Islands,3
1031,1997,Orkney Islands,3
1032,1998,Orkney Islands,2
1033,1999,Orkney Islands,2
1034,2000,Orkney Islands,5
1035,2001,Orkney Islands,8
1036,2002,Orkney Islands,4
1037,2003,Orkney Islands,7
1038,2004,Orkney Islands,7
1039,2005,Orkney Islands,3
1040,2006,Orkney Islands,2
1041,2007,Orkney Islands,6
1042,2008,Orkney Islands,5
1043,2009,Orkney Islands,7
1044,2010,Orkney Islands,5
1045,2011,Orkney Islands,4
1046,2012,Orkney Islands,4
1047,2013,Orkney Islands,8
1048,2014,Orkney Islands,3
1049,2015,Orkney Islands,4
1050,2016,Orkney Islands,9
1051,2017,Orkney Islands,2
1052,2018,Orkney Islands,5
1053,2019,Orkney Islands,4
1054,2020,Orkney Islands,3
1055,2021,Orkney Islands,8
1056,2022,Orkney Islands,4
1057,1979,Perth and Kinross,8
1058,1980,Perth and Kinross,5
1059,1981,Perth and Kinross,1
1060,1982,Perth and Kinross,5
1061,1983,Perth and Kinross,6
1062,1984,Perth and Kinross,5
1063,1985,Perth and Kinross,8
1064,1986,Perth and Kinross,9
1065,1987,Perth and Kinross,9
1066,1988,Perth and Kinross,10
1067,1989,Perth and Kinross,11
1068,1990,Perth and Kinross,10
1069,1991,Perth and Kinross,12
1070,1992,Perth and Kinross,7
1071,1993,Perth and Kinross,7
1072,1994,Perth and Kinross,19
1073,1995,Perth and Kinross,18
1074,1996,Perth and Kinross,15
1075,1997,Perth and Kinross,16
1076,1998,Perth and Kinross,25
1077,1999,Perth and Kinross,22
1078,2000,Perth and Kinross,15
1079,2001,Perth and Kinross,21
1080,2002,Perth and Kinross,21
1081,2003,Perth and Kinross,27
1082,2004,Perth and Kinross,32
1083,2005,Perth and Kinross,20
1084,2006,Perth and Kinross,27
1085,2007,Perth and Kinross,25
1086,2008,Perth and Kinross,25
1087,2009,Perth and Kinross,30
1088,2010,Perth and Kinross,36
1089,2011,Perth and Kinross,30
1090,2012,Perth and Kinross,32
1091,2013,Perth and Kinross,16
1092,2014,Perth and Kinross,26
1093,2015,Perth and Kinross,28
1094,2016,Perth and Kinross,20
1095,2017,Perth and Kinross,17
1096,2018,Perth and Kinross,30
1097,2019,Perth and Kinross,23
1098,2020,Perth and Kinross,25
1099,2021,Perth and Kinross,30
1100,2022,Perth and Kinross,32
1101,1979,Renfrewshire,14
1102,1980,Renfrewshire,23
1103,1981,Renfrewshire,12
1104,1982,Renfrewshire,14
1105,1983,Renfrewshire,10
1106,1984,Renfrewshire,11
1107,1985,Renfrewshire,12
1108,1986,Renfrewshire,12
1109,1987,Renfrewshire,18
1110,1988,Renfrewshire,11
1111,1989,Renfrewshire,12
1112,1990,Renfrewshire,14
1113,1991,Renfrewshire,14
1114,1992,Renfrewshire,23
1115,1993,Renfrewshire,21
1116,1994,Renfrewshire,26
1117,1995,Renfrewshire,27
1118,1996,Renfrewshire,44
1119,1997,Renfrewshire,61
1120,1998,Renfrewshire,51
1121,1999,Renfrewshire,40
1122,2000,Renfrewshire,77
1123,2001,Renfrewshire,57
1124,2002,Renfrewshire,60
1125,2003,Renfrewshire,58
1126,2004,Renfrewshire,56
1127,2005,Renfrewshire,87
1128,2006,Renfrewshire,63
1129,2007,Renfrewshire,42
1130,2008,Renfrewshire,56
1131,2009,Renfrewshire,42
1132,2010,Renfrewshire,44
1133,2011,Renfrewshire,40
1134,2012,Renfrewshire,47
1135,2013,Renfrewshire,36
1136,2014,Renfrewshire,44
1137,2015,Renfrewshire,37
1138,2016,Renfrewshire,40
1139,2017,Renfrewshire,44
1140,2018,Renfrewshire,50
1141,2019,Renfrewshire,36
1142,2020,Renfrewshire,44
1143,2021,Renfrewshire,53
1144,2022,Renfrewshire,42
1145,1979,Scottish Borders,1
1146,1980,Scottish Borders,1
1147,1981,Scottish Borders,3
1148,1982,Scottish Borders,1
1149,1983,Scottish Borders,4
1150,1984,Scottish Borders,3
1151,1985,Scottish Borders,2
1152,1986,Scottish Borders,2
1153,1987,Scottish Borders,2
1154,1988,Scottish Borders,5
1155,1989,Scottish Borders,4
1156,1990,Scottish Borders,6
1157,1991,Scottish Borders,7
1158,1992,Scottish Borders,5
1159,1993,Scottish Borders,4
1160,1994,Scottish Borders,8
1161,1995,Scottish Borders,7
1162,1996,Scottish Borders,6
1163,1997,Scottish Borders,6
1164,1998,Scottish Borders,9
1165,1999,Scottish Borders,9
1166,2000,Scottish Borders,8
1167,2001,Scottish Borders,13
1168,2002,Scottish Borders,15
1169,2003,Scottish Borders,12
1170,2004,Scottish Borders,17
1171,2005,Scottish Borders,11
1172,2006,Scottish Borders,6
1173,2007,Scottish Borders,22
1174,2008,Scottish Borders,10
1175,2009,Scottish Borders,11
1176,2010,Scottish Borders,21
1177,2011,Scottish Borders,15
1178,2012,Scottish Borders,15
1179,2013,Scottish Borders,14
1180,2014,Scottish Borders,21
1181,2015,Scottish Borders,17
1182,2016,Scottish Borders,16
1183,2017,Scottish Borders,12
1184,2018,Scottish Borders,18
1185,2019,Scottish Borders,15
1186,2020,Scottish Borders,15
1187,2021,Scottish Borders,21
1188,2022,Scottish Borders,21
1189,1979,Shetland Islands,0
1190,1980,Shetland Islands,2
1191,1981,Shetland Islands,1
1192,1982,Shetland Islands,1
1193,1983,Shetland Islands,0
1194,1984,Shetland Islands,0
1195,1985,Shetland Islands,3
1196,1986,Shetland Islands,0
1197,1987,Shetland Islands,1
1198,1988,Shetland Islands,2
1199,1989,Shetland Islands,2
1200,1990,Shetland Islands,5
1201,1991,Shetland Islands,6
1202,1992,Shetland Islands,6
1203,1993,Shetland Islands,1
1204,1994,Shetland Islands,3
1205,1995,Shetland Islands,1
1206,1996,Shetland Islands,2
1207,1997,Shetland Islands,4
1208,1998,Shetland Islands,3
1209,1999,Shetland Islands,1
1210,2000,Shetland Islands,1
1211,2001,Shetland Islands,5
1212,2002,Shetland Islands,1
1213,2003,Shetland Islands,2
1214,2004,Shetland Islands,6
1215,2005,Shetland Islands,6
1216,2006,Shetland Islands,6
1217,2007,Shetland Islands,6
1218,2008,Shetland Islands,3
1219,2009,Shetland Islands,2
1220,2010,Shetland Islands,9
1221,2011,Shetland Islands,4
1222,2012,Shetland Islands,0
1223,2013,Shetland Islands,1
1224,2014,Shetland Islands,3
1225,2015,Shetland Islands,2
1226,2016,Shetland Islands,3
1227,2017,Shetland Islands,1
1228,2018,Shetland Islands,5
1229,2019,Shetland Islands,3
1230,2020,Shetland Islands,0
1231,2021,Shetland Islands,2
1232,2022,Shetland Islands,6
1233,1979,South Ayrshire,3
1234,1980,South Ayrshire,8
1235,1981,South Ayrshire,6
1236,1982,South Ayrshire,3
1237,1983,South Ayrshire,4
1238,1984,South Ayrshire,5
1239,1985,South Ayrshire,8
1240,1986,South Ayrshire,2
1241,1987,South Ayrshire,7
1242,1988,South Ayrshire,8
1243,1989,South Ayrshire,8
1244,1990,South Ayrshire,13
1245,1991,South Ayrshire,12
1246,1992,South Ayrshire,9
1247,1993,South Ayrshire,14
1248,1994,South Ayrshire,10
1249,1995,South Ayrshire,10
1250,1996,South Ayrshire,12
1251,1997,South Ayrshire,27
1252,1998,South Ayrshire,23
1253,1999,South Ayrshire,18
1254,2000,South Ayrshire,17
1255,2001,South Ayrshire,23
1256,2002,South Ayrshire,24
1257,2003,South Ayrshire,33
1258,2004,South Ayrshire,27
1259,2005,South Ayrshire,20
1260,2006,South Ayrshire,30
1261,2007,South Ayrshire,20
1262,2008,South Ayrshire,29
1263,2009,South Ayrshire,18
1264,2010,South Ayrshire,28
1265,2011,South Ayrshire,19
1266,2012,South Ayrshire,24
1267,2013,South Ayrshire,15
1268,2014,South Ayrshire,26
1269,2015,South Ayrshire,18
1270,2016,South Ayrshire,10
1271,2017,South Ayrshire,17
1272,2018,South Ayrshire,23
1273,2019,South Ayrshire,27
1274,2020,South Ayrshire,20
1275,2021,South Ayrshire,24
1276,2022,South Ayrshire,29
1277,1979,South Lanarkshire,18
1278,1980,South Lanarkshire,12
1279,1981,South Lanarkshire,19
1280,1982,South Lanarkshire,22
1281,1983,South Lanarkshire,17
1282,1984,South Lanarkshire,14
1283,1985,South Lanarkshire,24
1284,1986,South Lanarkshire,11
1285,1987,South Lanarkshire,19
1286,1988,South Lanarkshire,23
1287,1989,South Lanarkshire,15
1288,1990,South Lanarkshire,17
1289,1991,South Lanarkshire,23
1290,1992,South Lanarkshire,22
1291,1993,South Lanarkshire,23
1292,1994,South Lanarkshire,27
1293,1995,South Lanarkshire,28
1294,1996,South Lanarkshire,39
1295,1997,South Lanarkshire,39
1296,1998,South Lanarkshire,60
1297,1999,South Lanarkshire,62
1298,2000,South Lanarkshire,56
1299,2001,South Lanarkshire,56
1300,2002,South Lanarkshire,78
1301,2003,South Lanarkshire,74
1302,2004,South Lanarkshire,94
1303,2005,South Lanarkshire,91
1304,2006,South Lanarkshire,81
1305,2007,South Lanarkshire,71
1306,2008,South Lanarkshire,77
1307,2009,South Lanarkshire,68
1308,2010,South Lanarkshire,65
1309,2011,South Lanarkshire,76
1310,2012,South Lanarkshire,67
1311,2013,South Lanarkshire,56
1312,2014,South Lanarkshire,73
1313,2015,South Lanarkshire,69
1314,2016,South Lanarkshire,85
1315,2017,South Lanarkshire,69
1316,2018,South Lanarkshire,73
1317,2019,South Lanarkshire,46
1318,2020,South Lanarkshire,92
1319,2021,South Lanarkshire,77
1320,2022,South Lanarkshire,93
1321,1979,Stirling,3
1322,1980,Stirling,0
1323,1981,Stirling,3
1324,1982,Stirling,2
1325,1983,Stirling,4
1326,1984,Stirling,2
1327,1985,Stirling,5
1328,1986,Stirling,5
1329,1987,Stirling,9
1330,1988,Stirling,6
1331,1989,Stirling,2
1332,1990,Stirling,5
1333,1991,Stirling,8
1334,1992,Stirling,3
1335,1993,Stirling,10
1336,1994,Stirling,11
1337,1995,Stirling,8
1338,1996,Stirling,10
1339,1997,Stirling,19
1340,1998,Stirling,11
1341,1999,Stirling,11
1342,2000,Stirling,14
1343,2001,Stirling,16
1344,2002,Stirling,16
1345,2003,Stirling,20
1346,2004,Stirling,13
1347,2005,Stirling,16
1348,2006,Stirling,16
1349,2007,Stirling,12
1350,2008,Stirling,23
1351,2009,Stirling,19
1352,2010,Stirling,17
1353,2011,Stirling,13
1354,2012,Stirling,13
1355,2013,Stirling,14
1356,2014,Stirling,15
1357,2015,Stirling,18
1358,2016,Stirling,14
1359,2017,Stirling,13
1360,2018,Stirling,13
1361,2019,Stirling,16
1362,2020,Stirling,21
1363,2021,Stirling,13
1364,2022,Stirling,17
1365,1979,West Dunbartonshire,6
1366,1980,West Dunbartonshire,9
1367,1981,West Dunbartonshire,6
1368,1982,West Dunbartonshire,6
1369,1983,West Dunbartonshire,7
1370,1984,West Dunbartonshire,7
1371,1985,West Dunbartonshire,12
1372,1986,West Dunbartonshire,6
1373,1987,West Dunbartonshire,9
1374,1988,West Dunbartonshire,11
1375,1989,West Dunbartonshire,17
1376,1990,West Dunbartonshire,8
1377,1991,West Dunbartonshire,16
1378,1992,West Dunbartonshire,6
1379,1993,West Dunbartonshire,9
1380,1994,West Dunbartonshire,15
1381,1995,West Dunbartonshire,13
1382,1996,West Dunbartonshire,19
1383,1997,West Dunbartonshire,22
1384,1998,West Dunbartonshire,18
1385,1999,West Dunbartonshire,22
1386,2000,West Dunbartonshire,23
1387,2001,West Dunbartonshire,27
1388,2002,West Dunbartonshire,43
1389,2003,West Dunbartonshire,39
1390,2004,West Dunbartonshire,37
1391,2005,West Dunbartonshire,38
1392,2006,West Dunbartonshire,43
1393,2007,West Dunbartonshire,37
1394,2008,West Dunbartonshire,43
1395,2009,West Dunbartonshire,24
1396,2010,West Dunbartonshire,31
1397,2011,West Dunbartonshire,32
1398,2012,West Dunbartonshire,23
1399,2013,West Dunbartonshire,23
1400,2014,West Dunbartonshire,24
1401,2015,West Dunbartonshire,20
1402,2016,West Dunbartonshire,28
1403,2017,West Dunbartonshire,26
1404,2018,West Dunbartonshire,34
1405,2019,West Dunbartonshire,18
1406,2020,West Dunbartonshire,22
1407,2021,West Dunbartonshire,40
1408,2022,West Dunbartonshire,21
1409,1979,West Lothian,4
1410,1980,West Lothian,8
1411,1981,West Lothian,5
1412,1982,West Lothian,6
1413,1983,West Lothian,2
1414,1984,West Lothian,5
1415,1985,West Lothian,8
1416,1986,West Lothian,2
1417,1987,West Lothian,10
1418,1988,West Lothian,9
1419,1989,West Lothian,9
1420,1990,West Lothian,10
1421,1991,West Lothian,11
1422,1992,West Lothian,8
1423,1993,West Lothian,8
1424,1994,West Lothian,11
1425,1995,West Lothian,12
1426,1996,West Lothian,20
1427,1997,West Lothian,30
1428,1998,West Lothian,29
1429,1999,West Lothian,28
1430,2000,West Lothian,23
1431,2001,West Lothian,29
1432,2002,West Lothian,30
1433,2003,West Lothian,40
1434,2004,West Lothian,32
1435,2005,West Lothian,37
1436,2006,West Lothian,26
1437,2007,West Lothian,30
1438,2008,West Lothian,30
1439,2009,West Lothian,19
1440,2010,West Lothian,26
1441,2011,West Lothian,29
1442,2012,West Lothian,25
1443,2013,West Lothian,37
1444,2014,West Lothian,31
1445,2015,West Lothian,25
1446,2016,West Lothian,28
1447,2017,West Lothian,38
1448,2018,West Lothian,35
1449,2019,West Lothian,28
1450,2020,West Lothian,45
1451,2021,West Lothian,40
1452,2022,West Lothian,24
